<?xml version="1.0" encoding="UTF-8"?>
<!-- 優先等級: FATAL > ERROR > WARN > INFO > DEBUG -->
<Configuration status="WARN">
  <!-- 參數設定 -->
  <properties>  
      <property name="home">D:</property> 
  </properties> 
  <Appenders>
  	<!-- 1. 列印在Console的Appender -->
    <Console name="stdout" target="SYSTEM_OUT">
      <PatternLayout pattern="%d{yyyy-MM-dd HH:mm:ss.SSS} %-5p %c{1.} - %m%n"/>
    </Console>
    <!-- 2. RollingFile記錄所有Log的Appender-->
    <RollingFile name="eStore-RollingFile" fileName="${home}/estore.log" filePattern="${home}/estore.log.%d{yyyy-MM-dd}">
      <PatternLayout pattern="%d{yyyy-MM-dd HH:mm:ss.SSS} %-5p %c{1.} : %m%n"/>
      <Policies>
        <TimeBasedTriggeringPolicy interval="1"/>
      </Policies>
    </RollingFile>
    <!-- 3. RollingFile記錄API INPUT OUTPUT 的Appender-->
    <RollingFile name="Api_RollingFile" fileName="${home}/estore-in-out.log" filePattern="${home}/estore-in-out.log.%d{yyyy-MM-dd}">
      <PatternLayout pattern="%m%n"/>
      <Policies>
        <TimeBasedTriggeringPolicy interval="1"/>
      </Policies>
    </RollingFile>
  </Appenders>
  <Loggers>
    <Logger name="com.fet.estore.core.aop.ApiInputOutputProxy" level="INFO" additivity="false">
      <AppenderRef ref="Api_RollingFile"/>
    </Logger>
    <Root level="INFO">
      <AppenderRef ref="eStore-RollingFile"/>
      <AppenderRef ref="stdout"/>
    </Root>
  </Loggers>
</Configuration>